                  epoch,         train/box_loss,         train/cls_loss,         train/dfl_loss,   metrics/precision(B),      metrics/recall(B),       metrics/mAP50(B),    metrics/mAP50-95(B),           val/box_loss,           val/cls_loss,           val/dfl_loss,                 lr/pg0,                 lr/pg1,                 lr/pg2
                      1,                 1.6592,                 3.1577,                 1.7064,                0.00517,                0.83784,                0.09431,                0.02289,                 1.7436,                 3.5893,                 2.0669,                  8e-05,                  8e-05,                  8e-05
                      2,                 1.6155,                 3.0936,                   1.66,                0.00467,                0.75676,                0.16712,                0.05191,                 1.6619,                 3.4975,                  2.133,             0.00014436,             0.00014436,             0.00014436
                      3,                 1.6318,                 2.8935,                 1.6438,                 0.0055,                0.89189,                0.18139,                 0.0705,                 1.6773,                 3.4675,                 1.9569,             0.00016912,             0.00016912,             0.00016912
                      4,                 1.5505,                 2.5434,                 1.5776,                0.00567,                0.91892,                0.25873,                0.08898,                 1.5833,                 3.3835,                  1.867,             0.00015428,             0.00015428,             0.00015428
                      5,                 1.5474,                  2.548,                 1.5853,                0.00567,                0.91892,                0.29423,                0.09926,                 1.5209,                 3.2888,                 1.8694,              9.984e-05,              9.984e-05,              9.984e-05
